{
    "name": "root",
    "gauges": {
        "MyBehavior.Policy.Entropy.mean": {
            "value": 0.07550061494112015,
            "min": 0.046165622770786285,
            "max": 1.7908861637115479,
            "count": 1069
        },
        "MyBehavior.Environment.EpisodeLength.mean": {
            "value": 116.76470588235294,
            "min": 37.87984496124031,
            "max": 999.0,
            "count": 1069
        },
        "MyBehavior.Self-play.ELO.mean": {
            "value": 1548.5912828644464,
            "min": 1199.2958867786,
            "max": 1745.5818157047404,
            "count": 1069
        },
        "MyBehavior.Policy.ExtrinsicValueEstimate.mean": {
            "value": -0.9420498013496399,
            "min": -2.857815742492676,
            "max": 3.012622594833374,
            "count": 1069
        },
        "MyBehavior.Environment.CumulativeReward.mean": {
            "value": -1.4791058876935173,
            "min": -6.690154020602886,
            "max": 4.362646835408312,
            "count": 1069
        },
        "MyBehavior.Policy.ExtrinsicReward.mean": {
            "value": -1.4791058876935173,
            "min": -6.690154020602886,
            "max": 4.362646835408312,
            "count": 1069
        },
        "MyBehavior.IsTraining.mean": {
            "value": 1.0,
            "min": 1.0,
            "max": 1.0,
            "count": 1069
        },
        "MyBehavior.Losses.PolicyLoss.mean": {
            "value": 0.017070439566547673,
            "min": 0.01066924303304404,
            "max": 0.025242739683017136,
            "count": 518
        },
        "MyBehavior.Losses.ValueLoss.mean": {
            "value": 1.0956852277119955,
            "min": 0.0012929166434332729,
            "max": 4.50044404665629,
            "count": 518
        },
        "MyBehavior.Policy.LearningRate.mean": {
            "value": 0.0003,
            "min": 0.0003,
            "max": 0.0003,
            "count": 518
        },
        "MyBehavior.Policy.Epsilon.mean": {
            "value": 0.20000000000000007,
            "min": 0.20000000000000007,
            "max": 0.20000000000000007,
            "count": 518
        },
        "MyBehavior.Policy.Beta.mean": {
            "value": 0.005000000000000001,
            "min": 0.005000000000000001,
            "max": 0.005000000000000001,
            "count": 518
        }
    },
    "metadata": {
        "timer_format_version": "0.1.0",
        "start_time_seconds": "1618842350",
        "python_version": "3.8.7 (tags/v3.8.7:6503f05, Dec 21 2020, 17:59:51) [MSC v.1928 64 bit (AMD64)]",
        "command_line_arguments": "C:\\Users\\bioba\\AppData\\Local\\Programs\\Python\\Python38\\Scripts\\mlagents-learn .\\fighting_config.yaml --run-id=FighterUpdated4.1",
        "mlagents_version": "0.23.0",
        "mlagents_envs_version": "0.23.0",
        "communication_protocol_version": "1.3.0",
        "pytorch_version": "1.7.0+cu110",
        "numpy_version": "1.18.5",
        "end_time_seconds": "1618933986"
    },
    "total": 91633.832658,
    "count": 1,
    "self": 0.007258700003148988,
    "children": {
        "run_training.setup": {
            "total": 0.021227899999999966,
            "count": 1,
            "self": 0.021227899999999966
        },
        "TrainerController.start_learning": {
            "total": 91633.8041714,
            "count": 1,
            "self": 193.27403789754317,
            "children": {
                "TrainerController._reset_env": {
                    "total": 9.026159000019996,
                    "count": 107,
                    "self": 9.026159000019996
                },
                "TrainerController.advance": {
                    "total": 91431.43825440246,
                    "count": 10797514,
                    "self": 82.6273645030451,
                    "children": {
                        "env_step": {
                            "total": 91348.81088989941,
                            "count": 10797514,
                            "self": 55131.49360602157,
                            "children": {
                                "SubprocessEnvManager._take_step": {
                                    "total": 36126.5785321858,
                                    "count": 10797514,
                                    "self": 729.7109447917537,
                                    "children": {
                                        "TorchPolicy.evaluate": {
                                            "total": 35396.867587394045,
                                            "count": 21380816,
                                            "self": 13236.759773714086,
                                            "children": {
                                                "TorchPolicy.sample_actions": {
                                                    "total": 22160.10781367996,
                                                    "count": 21380816,
                                                    "self": 22160.10781367996
                                                }
                                            }
                                        }
                                    }
                                },
                                "workers": {
                                    "total": 90.73875169204169,
                                    "count": 10797513,
                                    "self": 0.0,
                                    "children": {
                                        "worker_root": {
                                            "total": 91436.01205542054,
                                            "count": 10797513,
                                            "is_parallel": true,
                                            "self": 50171.32006852905,
                                            "children": {
                                                "steps_from_proto": {
                                                    "total": 0.02426060000035779,
                                                    "count": 214,
                                                    "is_parallel": true,
                                                    "self": 0.01534549992817169,
                                                    "children": {
                                                        "_process_vector_observation": {
                                                            "total": 0.0089151000721861,
                                                            "count": 428,
                                                            "is_parallel": true,
                                                            "self": 0.0089151000721861
                                                        }
                                                    }
                                                },
                                                "UnityEnvironment.step": {
                                                    "total": 41264.66772629148,
                                                    "count": 10797513,
                                                    "is_parallel": true,
                                                    "self": 581.2650433782474,
                                                    "children": {
                                                        "UnityEnvironment._generate_step_input": {
                                                            "total": 1348.450163710103,
                                                            "count": 10797513,
                                                            "is_parallel": true,
                                                            "self": 1348.450163710103
                                                        },