{
    "name": "root",
    "metadata": {
        "timer_format_version": "0.1.0",
        "start_time_seconds": "1611682306",
        "python_version": "3.8.7 (tags/v3.8.7:6503f05, Dec 21 2020, 17:59:51) [MSC v.1928 64 bit (AMD64)]",
        "command_line_arguments": "C:\\Users\\bioba\\AppData\\Local\\Programs\\Python\\Python38\\Scripts\\mlagents-learn .\\fighting_config.yaml --run-id=NewRun4",
        "mlagents_version": "0.23.0",
        "mlagents_envs_version": "0.23.0",
        "communication_protocol_version": "1.3.0",
        "pytorch_version": "1.7.0+cu110",
        "numpy_version": "1.18.5",
        "end_time_seconds": "1611682325"
    },
    "total": 19.154646099999997,
    "count": 1,
    "self": 0.0033352999999962663,
    "children": {
        "run_training.setup": {
            "total": 0.00546000000000002,
            "count": 1,
            "self": 0.00546000000000002
        },
        "TrainerController.start_learning": {
            "total": 19.1458508,
            "count": 1,
            "self": 0.0425907000000052,
            "children": {
                "TrainerController._reset_env": {
                    "total": 4.3721566,
                    "count": 1,
                    "self": 4.3721566
                },
                "TrainerController.advance": {
                    "total": 14.673194799999997,
                    "count": 1606,
                    "self": 0.012414700000039858,
                    "children": {
                        "env_step": {
                            "total": 14.660780099999958,
                            "count": 1606,
                            "self": 8.729949299999987,
                            "children": {
                                "SubprocessEnvManager._take_step": {
                                    "total": 5.917938599999988,
                                    "count": 1606,
                                    "self": 0.11500269999995893,
                                    "children": {
                                        "TorchPolicy.evaluate": {
                                            "total": 5.802935900000029,
                                            "count": 3208,
                                            "self": 1.8098101000000861,
                                            "children": {
                                                "TorchPolicy.sample_actions": {
                                                    "total": 3.9931257999999428,
                                                    "count": 3208,
                                                    "self": 3.9931257999999428
                                                }
                                            }
                                        }
                                    }
                                },
                                "workers": {
                                    "total": 0.012892199999981813,
                                    "count": 1605,
                                    "self": 0.0,
                                    "children": {
                                        "worker_root": {
                                            "total": 15.675979899999971,
                                            "count": 1605,
                                            "is_parallel": true,
                                            "self": 8.076266299999912,
                                            "children": {
                                                "steps_from_proto": {
                                                    "total": 0.00034580000000028477,
                                                    "count": 2,
                                                    "is_parallel": true,
                                                    "self": 0.00019299999999944362,
                                                    "children": {
                                                        "_process_vector_observation": {
                                                            "total": 0.00015280000000084115,
                                                            "count": 4,
                                                            "is_parallel": true,
                                                            "self": 0.00015280000000084115
                                                        }
                                                    }
                                                },
                                                "UnityEnvironment.step": {
                                                    "total": 7.599367800000059,
                                                    "count": 1605,
                                                    "is_parallel": true,
                                                    "self": 0.0826685000000964,
                                                    "children": {
                                                        "UnityEnvironment._generate_step_input": {
                                                            "total": 0.27338400000002405,
                                                            "count": 1605,
                                                            "is_parallel": true,
                                                            "self": 0.27338400000002405
                                                        },
                                                        "communicator.exchange": {
                                                            "total": 6.829449099999972,
                                                            "count": 1605,
                                                            "is_parallel": true,
                                                            "self": 6.829449099999972
                                                        },
                                                        "steps_from_proto": {
                                                            "total": 0.41386619999996643,
                                                            "count": 3210,
                                                            "is_parallel": true,
                                                            "self": 0.255889900000021,
                                                            "children": {
                                                                "_process_vector_observation": {
                                                                    "total": 0.15797629999994545,
                                                                    "count": 6420,
                                                                    "is_parallel": true,
                                                                    "self": 0.15797629999994545
                                                                }
                                                            }
                                                        }
                                                    }
                                                }
                                            }
                                        }
                                    }
                                }
                            }
                        }
                    }
                },
                "trainer_threads": {
                    "total": 1.2099999999293232e-05,
                    "count": 1,
                    "self": 1.2099999999293232e-05,
                    "children": {
                        "thread_root": {
                            "total": 0.0,
                            "count": 0,
                            "is_parallel": true,
                            "self": 0.0,