{
    "name": "root",
    "metadata": {
        "timer_format_version": "0.1.0",
        "start_time_seconds": "1616625997",
        "python_version": "3.8.7 (tags/v3.8.7:6503f05, Dec 21 2020, 17:59:51) [MSC v.1928 64 bit (AMD64)]",
        "command_line_arguments": "C:\\Users\\bioba\\AppData\\Local\\Programs\\Python\\Python38\\Scripts\\mlagents-learn .\\fighting_config.yaml --run-id=FighterUpdated2",
        "mlagents_version": "0.23.0",
        "mlagents_envs_version": "0.23.0",
        "communication_protocol_version": "1.3.0",
        "pytorch_version": "1.7.0+cu110",
        "numpy_version": "1.18.5",
        "end_time_seconds": "1616626035"
    },
    "total": 37.965876099999996,
    "count": 1,
    "self": 0.0034671999999957848,
    "children": {
        "run_training.setup": {
            "total": 0.004854499999999984,
            "count": 1,
            "self": 0.004854499999999984
        },
        "TrainerController.start_learning": {
            "total": 37.9575544,
            "count": 1,
            "self": 0.04617090000004964,
            "children": {
                "TrainerController._reset_env": {
                    "total": 6.931850600000001,
                    "count": 1,
                    "self": 6.931850600000001
                },
                "TrainerController.advance": {
                    "total": 30.919934899999944,
                    "count": 1548,
                    "self": 0.014132499999909953,
                    "children": {
                        "env_step": {
                            "total": 30.905802400000034,
                            "count": 1548,
                            "self": 23.53142019999998,
                            "children": {
                                "SubprocessEnvManager._take_step": {
                                    "total": 7.36034430000001,
                                    "count": 1548,
                                    "self": 0.1292654999999101,
                                    "children": {
                                        "TorchPolicy.evaluate": {
                                            "total": 7.2310788000001,
                                            "count": 3084,
                                            "self": 2.707855900000113,
                                            "children": {
                                                "TorchPolicy.sample_actions": {
                                                    "total": 4.523222899999987,
                                                    "count": 3084,
                                                    "self": 4.523222899999987
                                                }
                                            }
                                        }
                                    }
                                },
                                "workers": {
                                    "total": 0.014037900000042569,
                                    "count": 1547,
                                    "self": 0.0,
                                    "children": {
                                        "worker_root": {
                                            "total": 31.899747199999993,
                                            "count": 1547,
                                            "is_parallel": true,
                                            "self": 9.741957900000013,
                                            "children": {
                                                "steps_from_proto": {
                                                    "total": 0.0003739000000004822,
                                                    "count": 2,
                                                    "is_parallel": true,
                                                    "self": 0.0001964000000000965,
                                                    "children": {
                                                        "_process_vector_observation": {
                                                            "total": 0.00017750000000038568,
                                                            "count": 4,
                                                            "is_parallel": true,
                                                            "self": 0.00017750000000038568
                                                        }
                                                    }
                                                },
                                                "UnityEnvironment.step": {
                                                    "total": 22.15741539999998,
                                                    "count": 1547,
                                                    "is_parallel": true,
                                                    "self": 0.09982629999997172,
                                                    "children": {
                                                        "UnityEnvironment._generate_step_input": {
                                                            "total": 0.4485326999999817,
                                                            "count": 1547,
                                                            "is_parallel": true,
                                                            "self": 0.4485326999999817
                                                        },
                                                        "communicator.exchange": {
                                                            "total": 21.131540199999993,
                                                            "count": 1547,
                                                            "is_parallel": true,
                                                            "self": 21.131540199999993
                                                        },
                                                        "steps_from_proto": {
                                                            "total": 0.47751620000003303,
                                                            "count": 3094,
                                                            "is_parallel": true,
                                                            "self": 0.26761340000000367,
                                                            "children": {
                                                                "_process_vector_observation": {
                                                                    "total": 0.20990280000002937,
                                                                    "count": 6188,
                                                                    "is_parallel": true,
                                                                    "self": 0.20990280000002937
                                                                }
                                                            }
                                                        }
                                                    }
                                                }
                                            }
                                        }
                                    }
                                }
                            }
                        }
                    }
                },
                "trainer_threads": {
                    "total": 1.1100000001817989e-05,
                    "count": 1,
                    "self": 1.1100000001817989e-05,
                    "children": {
                        "thread_root": {
                            "total": 0.0,
                            "count": 0,
                            "is_parallel": true,
                            "self": 0.0,