{
    "name": "root",
    "metadata": {
        "timer_format_version": "0.1.0",
        "start_time_seconds": "1609691341",
        "python_version": "3.8.7 (tags/v3.8.7:6503f05, Dec 21 2020, 17:59:51) [MSC v.1928 64 bit (AMD64)]",
        "command_line_arguments": "C:\\Users\\bioba\\AppData\\Local\\Programs\\Python\\Python38\\Scripts\\mlagents-learn .\\fighting_config.yaml --run-id=NewRun1",
        "mlagents_version": "0.23.0",
        "mlagents_envs_version": "0.23.0",
        "communication_protocol_version": "1.3.0",
        "pytorch_version": "1.7.0+cu110",
        "numpy_version": "1.18.5",
        "end_time_seconds": "1609691381"
    },
    "total": 39.7035639,
    "count": 1,
    "self": 0.0033321999999955665,
    "children": {
        "run_training.setup": {
            "total": 0.004690900000000053,
            "count": 1,
            "self": 0.004690900000000053
        },
        "TrainerController.start_learning": {
            "total": 39.6955408,
            "count": 1,
            "self": 0.08649370000001966,
            "children": {
                "TrainerController._reset_env": {
                    "total": 6.7445374000000005,
                    "count": 1,
                    "self": 6.7445374000000005
                },
                "TrainerController.advance": {
                    "total": 32.80604889999998,
                    "count": 4700,
                    "self": 0.033248999999869966,
                    "children": {
                        "env_step": {
                            "total": 32.77279990000011,
                            "count": 4700,
                            "self": 17.849790200000278,
                            "children": {
                                "SubprocessEnvManager._take_step": {
                                    "total": 14.888948599999987,
                                    "count": 4700,
                                    "self": 0.3096987999997278,
                                    "children": {
                                        "TorchPolicy.evaluate": {
                                            "total": 14.579249800000259,
                                            "count": 9394,
                                            "self": 5.007397200000183,
                                            "children": {
                                                "TorchPolicy.sample_actions": {
                                                    "total": 9.571852600000076,
                                                    "count": 9394,
                                                    "self": 9.571852600000076
                                                }
                                            }
                                        }
                                    }
                                },
                                "workers": {
                                    "total": 0.0340610999998443,
                                    "count": 4699,
                                    "self": 0.0,
                                    "children": {
                                        "worker_root": {
                                            "total": 33.79842929999992,
                                            "count": 4699,
                                            "is_parallel": true,
                                            "self": 18.731570199999943,
                                            "children": {
                                                "steps_from_proto": {
                                                    "total": 0.00037189999999931445,
                                                    "count": 2,
                                                    "is_parallel": true,
                                                    "self": 0.00018979999999757524,
                                                    "children": {
                                                        "_process_vector_observation": {
                                                            "total": 0.0001821000000017392,
                                                            "count": 4,
                                                            "is_parallel": true,
                                                            "self": 0.0001821000000017392
                                                        }
                                                    }
                                                },
                                                "UnityEnvironment.step": {
                                                    "total": 15.066487199999976,
                                                    "count": 4699,
                                                    "is_parallel": true,
                                                    "self": 0.22843890000003597,
                                                    "children": {
                                                        "UnityEnvironment._generate_step_input": {
                                                            "total": 0.5348733000000321,
                                                            "count": 4699,
                                                            "is_parallel": true,
                                                            "self": 0.5348733000000321
                                                        },
                                                        "communicator.exchange": {
                                                            "total": 13.28034540000024,
                                                            "count": 4699,
                                                            "is_parallel": true,
                                                            "self": 13.28034540000024
                                                        },
                                                        "steps_from_proto": {
                                                            "total": 1.0228295999996684,
                                                            "count": 9398,
                                                            "is_parallel": true,
                                                            "self": 0.6492439999996078,
                                                            "children": {
                                                                "_process_vector_observation": {
                                                                    "total": 0.3735856000000606,
                                                                    "count": 18796,
                                                                    "is_parallel": true,
                                                                    "self": 0.3735856000000606
                                                                }
                                                            }
                                                        }
                                                    }
                                                }
                                            }
                                        }
                                    }
                                }
                            }
                        }
                    }
                },
                "trainer_threads": {
                    "total": 1.1100000001817989e-05,
                    "count": 1,
                    "self": 1.1100000001817989e-05,
                    "children": {
                        "thread_root": {
                            "total": 0.0,
                            "count": 0,
                            "is_parallel": true,
                            "self": 0.0,